station,title,pfm,ft,日付,時間,to,日付,時間,dur,image,filename抽出,filename,,pfm　len
ニッポン放送,上柳昌彦 あさぼらけ,上柳昌彦,20200120050000 ,0120,0500,20200120060000 ,0120,0600,3600,https://radiko.jp/res/program/DEFAULT_IMAGE/LFR/n3iel9n3md.png,n3iel9n3md.png,n3iel9n3md.png,,4
ニッポン放送,飯田浩司のOK! Cozy up! Part1,飯田浩司、新行市佳、須田慎一郎,20200120060000 ,0120,0600,20200120064300 ,0120,0643,2580,https://radiko.jp/res/program/DEFAULT_IMAGE/LFR/r2nv8hvsu7.png,r2nv8hvsu7.png,r2nv8hvsu7.png,,15
ニッポン放送,あさナビ,黒木瞳、那須正幹,20200120064300 ,0120,0643,20200120065000 ,0120,0650,420,https://radiko.jp/res/program/DEFAULT_IMAGE/LFR/3xdhrd3jxs.png,3xdhrd3jxs.png,3xdhrd3jxs.png,,8
ニッポン放送,飯田浩司のOK! Cozy up! Part2,飯田浩司、新行市佳、須田慎一郎,20200120065000 ,0120,0650,20200120073700 ,0120,0737,2820,https://radiko.jp/res/program/DEFAULT_IMAGE/LFR/r2nv8hvsu7.png,r2nv8hvsu7.png,r2nv8hvsu7.png,,15
ニッポン放送,鈴木杏樹のいってらっしゃい,鈴木杏樹,20200120073700 ,0120,0737,20200120074100 ,0120,0741,240,https://radiko.jp/res/program/DEFAULT_IMAGE/LFR/mld80k639q.png,mld80k639q.png,mld80k639q.png,,4
ニッポン放送,飯田浩司のOK! Cozy up! Part3,飯田浩司、新行市佳、須田慎一郎,20200120074100 ,0120,0741,20200120080000 ,0120,0800,1140,https://radiko.jp/res/program/DEFAULT_IMAGE/LFR/r2nv8hvsu7.png,r2nv8hvsu7.png,r2nv8hvsu7.png,,15
ニッポン放送,垣花正あなたとハッピー！Part1,綾戸智恵、テリー伊藤、ターザン山本（電話）、垣花正、那須恵理子,20200120080000 ,0120,0800,20200120082500 ,0120,0825,1500,https://radiko.jp/res/program/DEFAULT_IMAGE/LFR/b4mmdw0bff.png,b4mmdw0bff.png,b4mmdw0bff.png,,31
ニッポン放送,川井郁子 ハートストリングス,川井郁子,20200120082500 ,0120,0825,20200120082800 ,0120,0828,180,https://radiko.jp/res/program/DEFAULT_IMAGE/LFR/vtbthn6wqp.png,vtbthn6wqp.png,vtbthn6wqp.png,,4
ニッポン放送,垣花正あなたとハッピー！Part2,テリー伊藤、綾戸智恵、ターザン山本（電話）、垣花正、那須恵理子,20200120082800 ,0120,0828,20200120101200 ,0120,1012,6240,https://radiko.jp/res/program/DEFAULT_IMAGE/LFR/b4mmdw0bff.png,b4mmdw0bff.png,b4mmdw0bff.png,,31
ニッポン放送,榊原郁恵のハッピー・ダイアリー,榊原郁恵,20200120101200 ,0120,1012,20200120101700 ,0120,1017,300,https://radiko.jp/res/program/DEFAULT_IMAGE/LFR/7wzctw5jdg.png,7wzctw5jdg.png,7wzctw5jdg.png,,4
ニッポン放送,垣花正あなたとハッピー！Part3,テリー伊藤、綾戸智恵、ターザン山本（電話）、垣花正、那須恵理子,20200120101700 ,0120,1017,20200120103500 ,0120,1035,1080,https://radiko.jp/res/program/DEFAULT_IMAGE/LFR/b4mmdw0bff.png,b4mmdw0bff.png,b4mmdw0bff.png,,31
ニッポン放送,うつみ宮土理のおしゃべりしましょ,うつみ宮土理,20200120103500 ,0120,1035,20200120104000 ,0120,1040,300,https://radiko.jp/res/program/DEFAULT_IMAGE/LFR/.t3p5i4kdi.png,.t3p5i4kdi.png,t3p5i4kdi.png,,6
ニッポン放送,垣花正あなたとハッピー！Part4,テリー伊藤、綾戸智恵、ターザン山本（電話）、垣花正、那須恵理子,20200120104000 ,0120,1040,20200120110000 ,0120,1100,1200,https://radiko.jp/res/program/DEFAULT_IMAGE/LFR/b4mmdw0bff.png,b4mmdw0bff.png,b4mmdw0bff.png,,31
ニッポン放送,テレフォン人生相談,,20200120110000 ,0120,1100,20200120112000 ,0120,1120,1200,https://radiko.jp/res/program/DEFAULT_IMAGE/LFR/om67rj2fia.png,om67rj2fia.png,om67rj2fia.png,,0
ニッポン放送,垣花正あなたとハッピー！Part5,テリー伊藤、綾戸智恵、ターザン山本、垣花正、那須恵理子,20200120112000 ,0120,1120,20200120113000 ,0120,1130,600,https://radiko.jp/res/program/DEFAULT_IMAGE/LFR/b4mmdw0bff.png,b4mmdw0bff.png,b4mmdw0bff.png,,27
ニッポン放送,高田文夫のラジオビバリー昼ズ,高田文夫、松本明子,20200120113000 ,0120,1130,20200120130000 ,0120,1300,5400,https://radiko.jp/res/program/DEFAULT_IMAGE/LFR/o4q1ghzddy.png,o4q1ghzddy.png,o4q1ghzddy.png,,9
ニッポン放送,DAYS Part1,山口智充・東島衣里　ゲスト：笠原将弘（料理人）,20200120130000 ,0120,1300,20200120134200 ,0120,1342,2520,https://radiko.jp/res/program/DEFAULT_IMAGE/LFR/rkl487x1em.png,rkl487x1em.png,rkl487x1em.png,,23
ニッポン放送,ニッポンチャレンジドアスリート,,20200120134200 ,0120,1342,20200120134800 ,0120,1348,360,https://radiko.jp/res/program/DEFAULT_IMAGE/LFR/8uaviuuy48.png,8uaviuuy48.png,8uaviuuy48.png,,0
ニッポン放送,DAYS Part2,山口智充・東島衣里　ゲスト：笠原将弘（料理人）,20200120134800 ,0120,1348,20200120160000 ,0120,1600,7920,https://radiko.jp/res/program/DEFAULT_IMAGE/LFR/rkl487x1em.png,rkl487x1em.png,rkl487x1em.png,,23
ニッポン放送,草野満代 夕暮れWONDER4,ゲスト/石井宏子（温泉ビューティ研究家）、草野満代、松本秀夫,20200120160000 ,0120,1600,20200120180000 ,0120,1800,7200,https://radiko.jp/res/program/DEFAULT_IMAGE/LFR/vu28hznnu5.png,vu28hznnu5.png,vu28hznnu5.png,,30
ニッポン放送,ザ・フォーカス Part1,パーソナリティ：森田耕次（ニッポン放送報道部解説委員） アシスタント：増山さやか（ニッポン放送アナウンサー）　コメンテーター：乾正人（産経新聞論説委員長）,20200120180000 ,0120,1800,20200120183400 ,0120,1834,2040,https://radiko.jp/res/program/DEFAULT_IMAGE/LFR/whkfuyy08x.png,whkfuyy08x.png,whkfuyy08x.png,,77
ニッポン放送,小島奈津子のおかえりなさい,小島奈津子,20200120183400 ,0120,1834,20200120183800 ,0120,1838,240,https://radiko.jp/res/program/DEFAULT_IMAGE/LFR/e5jlh485sq.png,e5jlh485sq.png,e5jlh485sq.png,,5
ニッポン放送,ザ・フォーカス Part2,パーソナリティ：森田耕次（ニッポン放送報道部解説委員） アシスタント：増山さやか（ニッポン放送アナウンサー）　コメンテーター：乾正人（産経新聞論説委員長）,20200120183800 ,0120,1838,20200120193100 ,0120,1931,3180,https://radiko.jp/res/program/DEFAULT_IMAGE/LFR/whkfuyy08x.png,whkfuyy08x.png,whkfuyy08x.png,,77
ニッポン放送,女神たちのオリンピック,潮田玲子,20200120193100 ,0120,1931,20200120193800 ,0120,1938,420,https://radiko.jp/res/program/DEFAULT_IMAGE/LFR/xm46ufy0qg.png,xm46ufy0qg.png,xm46ufy0qg.png,,4
ニッポン放送,ザ・フォーカス Part3,パーソナリティ：森田耕次（ニッポン放送報道部解説委員） アシスタント：増山さやか（ニッポン放送アナウンサー）　コメンテーター：乾正人（産経新聞論説委員長）,20200120193800 ,0120,1938,20200120202000 ,0120,2020,2520,https://radiko.jp/res/program/DEFAULT_IMAGE/LFR/whkfuyy08x.png,whkfuyy08x.png,whkfuyy08x.png,,77
ニッポン放送,RoseliaのRADIO SHOUT！,Roselia、吉田尚記アナウンサー,20200120202000 ,0120,2020,20200120205000 ,0120,2050,1800,https://radiko.jp/res/program/DEFAULT_IMAGE/LFR/u523nh3fpp.png,u523nh3fpp.png,u523nh3fpp.png,,18
ニッポン放送,西川貴教のちょこっとナイトニッポン！,西川貴教,20200120205000 ,0120,2050,20200120210000 ,0120,2100,600,https://radiko.jp/res/program/DEFAULT_IMAGE/LFR/edz80qsiqk.png,edz80qsiqk.png,edz80qsiqk.png,,4
ニッポン放送,ことばのチカラ 〜成功へのターニングポイント〜,金子達仁,20200120210000 ,0120,2100,20200120213000 ,0120,2130,1800,https://radiko.jp/res/program/DEFAULT_IMAGE/LFR/hwtu0qtuzc.png,hwtu0qtuzc.png,hwtu0qtuzc.png,,4
ニッポン放送,阿部亮のNGO世界一周！,阿部亮<br>ゲスト　アーシャ＝アジアの農民と歩む会<br>代表理事の三浦孝子さん,20200120213000 ,0120,2130,20200120215000 ,0120,2150,1200,https://radiko.jp/res/program/DEFAULT_IMAGE/LFR/lfww7hm0jw.png,lfww7hm0jw.png,lfww7hm0jw.png,,41
ニッポン放送,スポーツ伝説,滝本沙奈,20200120215000 ,0120,2150,20200120215700 ,0120,2157,420,https://radiko.jp/res/program/DEFAULT_IMAGE/LFR/skzf9nkyhu.png,skzf9nkyhu.png,skzf9nkyhu.png,,4
ニッポン放送,看板娘ホッピー・ミーナのHOPPY HAPPY BAR,,20200120215700 ,0120,2157,20200120220000 ,0120,2200,180,https://radiko.jp/res/program/DEFAULT_IMAGE/LFR/knmnlsojft.png,knmnlsojft.png,knmnlsojft.png,,0
ニッポン放送,オールナイトニッポン MUSIC10,森山良子,20200120220000 ,0120,2200,20200121000000 ,0121,0000,7200,https://radiko.jp/res/program/DEFAULT_IMAGE/LFR/vxf81s684f.png,vxf81s684f.png,vxf81s684f.png,,4
ニッポン放送,ミューコミプラス,吉田尚記（ニッポン放送アナウンサー）,20200121000000 ,0121,0000,20200121005800 ,0121,0058,3480,https://radiko.jp/res/program/DEFAULT_IMAGE/LFR/obvrjzqr4f.png,obvrjzqr4f.png,obvrjzqr4f.png,,18
ニッポン放送,ミュージック・パーティー,熊谷実帆（ニッポン放送アナウンサー）,20200121005800 ,0121,0058,20200121010000 ,0121,0100,120,https://radiko.jp/res/program/DEFAULT_IMAGE/LFR/mqwvwfi835.png,mqwvwfi835.png,mqwvwfi835.png,,18
ニッポン放送,菅田将暉のオールナイトニッポン,菅田将暉,20200121010000 ,0121,0100,20200121030000 ,0121,0300,7200,https://radiko.jp/res/program/DEFAULT_IMAGE/LFR/4ua2s9eu4k.png,4ua2s9eu4k.png,4ua2s9eu4k.png,,4
ニッポン放送,伊藤健太郎のオールナイトニッポン0(ZERO),伊藤健太郎,20200121030000 ,0121,0300,20200121043000 ,0121,0430,5400,https://radiko.jp/res/program/DEFAULT_IMAGE/LFR/oj5aiospxu.png,oj5aiospxu.png,oj5aiospxu.png,,5
ニッポン放送,上柳昌彦 あさぼらけ,上柳昌彦,20200121043000 ,0121,0430,20200121050000 ,0121,0500,1800,https://radiko.jp/res/program/DEFAULT_IMAGE/LFR/n3iel9n3md.png,n3iel9n3md.png,n3iel9n3md.png,,4
ニッポン放送,上柳昌彦 あさぼらけ,上柳昌彦,20200121050000 ,0121,0500,20200121060000 ,0121,0600,3600,https://radiko.jp/res/program/DEFAULT_IMAGE/LFR/n3iel9n3md.png,n3iel9n3md.png,n3iel9n3md.png,,4
ニッポン放送,飯田浩司のOK! Cozy up! Part1,飯田浩司、新行市佳、有本香,20200121060000 ,0121,0600,20200121064300 ,0121,0643,2580,https://radiko.jp/res/program/DEFAULT_IMAGE/LFR/r2nv8hvsu7.png,r2nv8hvsu7.png,r2nv8hvsu7.png,,13
ニッポン放送,あさナビ,黒木瞳、那須正幹,20200121064300 ,0121,0643,20200121065000 ,0121,0650,420,https://radiko.jp/res/program/DEFAULT_IMAGE/LFR/3xdhrd3jxs.png,3xdhrd3jxs.png,3xdhrd3jxs.png,,8
ニッポン放送,飯田浩司のOK! Cozy up! Part2,飯田浩司、新行市佳、有本香,20200121065000 ,0121,0650,20200121073700 ,0121,0737,2820,https://radiko.jp/res/program/DEFAULT_IMAGE/LFR/r2nv8hvsu7.png,r2nv8hvsu7.png,r2nv8hvsu7.png,,13
ニッポン放送,鈴木杏樹のいってらっしゃい,鈴木杏樹,20200121073700 ,0121,0737,20200121074100 ,0121,0741,240,https://radiko.jp/res/program/DEFAULT_IMAGE/LFR/mld80k639q.png,mld80k639q.png,mld80k639q.png,,4
ニッポン放送,飯田浩司のOK! Cozy up! Part3,飯田浩司、新行市佳、有本香,20200121074100 ,0121,0741,20200121080000 ,0121,0800,1140,https://radiko.jp/res/program/DEFAULT_IMAGE/LFR/r2nv8hvsu7.png,r2nv8hvsu7.png,r2nv8hvsu7.png,,13
ニッポン放送,垣花正あなたとハッピー！Part1,垣花正、那須恵理子、中村メイコ,20200121080000 ,0121,0800,20200121082500 ,0121,0825,1500,https://radiko.jp/res/program/DEFAULT_IMAGE/LFR/b4mmdw0bff.png,b4mmdw0bff.png,b4mmdw0bff.png,,15
ニッポン放送,川井郁子 ハートストリングス,川井郁子,20200121082500 ,0121,0825,20200121082800 ,0121,0828,180,https://radiko.jp/res/program/DEFAULT_IMAGE/LFR/vtbthn6wqp.png,vtbthn6wqp.png,vtbthn6wqp.png,,4
ニッポン放送,垣花正あなたとハッピー！Part2,垣花正、那須恵理子、中村メイコ,20200121082800 ,0121,0828,20200121101200 ,0121,1012,6240,https://radiko.jp/res/program/DEFAULT_IMAGE/LFR/b4mmdw0bff.png,b4mmdw0bff.png,b4mmdw0bff.png,,15
ニッポン放送,榊原郁恵のハッピー・ダイアリー,榊原郁恵,20200121101200 ,0121,1012,20200121101700 ,0121,1017,300,https://radiko.jp/res/program/DEFAULT_IMAGE/LFR/7wzctw5jdg.png,7wzctw5jdg.png,7wzctw5jdg.png,,4
ニッポン放送,垣花正あなたとハッピー！Part3,垣花正、那須恵理子、中村メイコ,20200121101700 ,0121,1017,20200121103500 ,0121,1035,1080,https://radiko.jp/res/program/DEFAULT_IMAGE/LFR/b4mmdw0bff.png,b4mmdw0bff.png,b4mmdw0bff.png,,15
ニッポン放送,うつみ宮土理のおしゃべりしましょ,うつみ宮土理,20200121103500 ,0121,1035,20200121104000 ,0121,1040,300,https://radiko.jp/res/program/DEFAULT_IMAGE/LFR/.t3p5i4kdi.png,.t3p5i4kdi.png,t3p5i4kdi.png,,6
ニッポン放送,垣花正あなたとハッピー！Part4,垣花正、那須恵理子、中村メイコ,20200121104000 ,0121,1040,20200121110000 ,0121,1100,1200,https://radiko.jp/res/program/DEFAULT_IMAGE/LFR/b4mmdw0bff.png,b4mmdw0bff.png,b4mmdw0bff.png,,15
ニッポン放送,テレフォン人生相談,,20200121110000 ,0121,1100,20200121112000 ,0121,1120,1200,https://radiko.jp/res/program/DEFAULT_IMAGE/LFR/om67rj2fia.png,om67rj2fia.png,om67rj2fia.png,,0
ニッポン放送,垣花正あなたとハッピー！Part5,垣花正、那須恵理子、中村メイコ,20200121112000 ,0121,1120,20200121113000 ,0121,1130,600,https://radiko.jp/res/program/DEFAULT_IMAGE/LFR/b4mmdw0bff.png,b4mmdw0bff.png,b4mmdw0bff.png,,15
ニッポン放送,高田文夫のラジオビバリー昼ズ,東貴博、山根千佳,20200121113000 ,0121,1130,20200121130000 ,0121,1300,5400,https://radiko.jp/res/program/DEFAULT_IMAGE/LFR/biznh9wf8u.png,biznh9wf8u.png,biznh9wf8u.png,,8
ニッポン放送,DAYS Part1,中川家(剛/礼二)・東島衣里 ゲスト:ミルクボーイ,20200121130000 ,0121,1300,20200121134200 ,0121,1342,2520,https://radiko.jp/res/program/DEFAULT_IMAGE/LFR/me6x0lwpw1.png,me6x0lwpw1.png,me6x0lwpw1.png,,25
ニッポン放送,ニッポンチャレンジドアスリート,,20200121134200 ,0121,1342,20200121134800 ,0121,1348,360,https://radiko.jp/res/program/DEFAULT_IMAGE/LFR/8uaviuuy48.png,8uaviuuy48.png,8uaviuuy48.png,,0
ニッポン放送,DAYS Part2,中川家(剛/礼二)・東島衣里 ゲスト:ミルクボーイ,20200121134800 ,0121,1348,20200121160000 ,0121,1600,7920,https://radiko.jp/res/program/DEFAULT_IMAGE/LFR/me6x0lwpw1.png,me6x0lwpw1.png,me6x0lwpw1.png,,25
ニッポン放送,草野満代 夕暮れWONDER4,ゲスト/石井宏子（温泉ビューティ研究家）、吉野達彦（トレーナー、プロレスラー）、草野満代、松本秀夫,20200121160000 ,0121,1600,20200121180000 ,0121,1800,7200,https://radiko.jp/res/program/DEFAULT_IMAGE/LFR/vu28hznnu5.png,vu28hznnu5.png,vu28hznnu5.png,,49
ニッポン放送,ザ・フォーカス Part1,パーソナリティ：森田耕次（ニッポン放送報道部解説委員） アシスタント：増山さやか（ニッポン放送アナウンサー） コメンテーター：野村修也（中央大学法科大学院教授）,20200121180000 ,0121,1800,20200121183400 ,0121,1834,2040,https://radiko.jp/res/program/DEFAULT_IMAGE/LFR/whkfuyy08x.png,whkfuyy08x.png,whkfuyy08x.png,,80
ニッポン放送,小島奈津子のおかえりなさい,小島奈津子,20200121183400 ,0121,1834,20200121183800 ,0121,1838,240,https://radiko.jp/res/program/DEFAULT_IMAGE/LFR/e5jlh485sq.png,e5jlh485sq.png,e5jlh485sq.png,,5
ニッポン放送,ザ・フォーカス Part2,パーソナリティ：森田耕次（ニッポン放送報道部解説委員） アシスタント：増山さやか（ニッポン放送アナウンサー） コメンテーター：野村修也（中央大学法科大学院教授）,20200121183800 ,0121,1838,20200121193100 ,0121,1931,3180,https://radiko.jp/res/program/DEFAULT_IMAGE/LFR/whkfuyy08x.png,whkfuyy08x.png,whkfuyy08x.png,,80
ニッポン放送,女神たちのオリンピック,潮田玲子,20200121193100 ,0121,1931,20200121193800 ,0121,1938,420,https://radiko.jp/res/program/DEFAULT_IMAGE/LFR/xm46ufy0qg.png,xm46ufy0qg.png,xm46ufy0qg.png,,4
ニッポン放送,ザ・フォーカス Part3,パーソナリティ：森田耕次（ニッポン放送報道部解説委員） アシスタント：増山さやか（ニッポン放送アナウンサー）　コメンテーター：野村修也（中央大学法科大学院教授）,20200121193800 ,0121,1938,20200121202000 ,0121,2020,2520,https://radiko.jp/res/program/DEFAULT_IMAGE/LFR/whkfuyy08x.png,whkfuyy08x.png,whkfuyy08x.png,,80
ニッポン放送,すとぷりのStop Listen!,すとぷり,20200121202000 ,0121,2020,20200121205000 ,0121,2050,1800,https://radiko.jp/res/program/DEFAULT_IMAGE/LFR/t8hvgu0um8.png,t8hvgu0um8.png,t8hvgu0um8.png,,4
ニッポン放送,西川貴教のちょこっとナイトニッポン！,西川貴教,20200121205000 ,0121,2050,20200121210000 ,0121,2100,600,https://radiko.jp/res/program/DEFAULT_IMAGE/LFR/edz80qsiqk.png,edz80qsiqk.png,edz80qsiqk.png,,4
ニッポン放送,ソードアート・オンエアー,松岡禎丞、吉田尚記アナウンサー,20200121210000 ,0121,2100,20200121213000 ,0121,2130,1800,https://radiko.jp/res/program/DEFAULT_IMAGE/LFR/u9wwpush1o.png,u9wwpush1o.png,u9wwpush1o.png,,15
ニッポン放送,GENERATIONS 小森隼のGood Laugh and Sleep,小森隼 (GENERATIONS from EXILE TRIBE)／ゲスト：相田周二（三四郎）,20200121213000 ,0121,2130,20200121215000 ,0121,2150,1200,https://radiko.jp/res/program/DEFAULT_IMAGE/LFR/n210rv3x84.png,n210rv3x84.png,n210rv3x84.png,,48
ニッポン放送,スポーツ伝説,滝本沙奈,20200121215000 ,0121,2150,20200121215700 ,0121,2157,420,https://radiko.jp/res/program/DEFAULT_IMAGE/LFR/skzf9nkyhu.png,skzf9nkyhu.png,skzf9nkyhu.png,,4
ニッポン放送,看板娘ホッピー・ミーナのHOPPY HAPPY BAR,,20200121215700 ,0121,2157,20200121220000 ,0121,2200,180,https://radiko.jp/res/program/DEFAULT_IMAGE/LFR/knmnlsojft.png,knmnlsojft.png,knmnlsojft.png,,0
ニッポン放送,オールナイトニッポン MUSIC10,名取裕子,20200121220000 ,0121,2200,20200122000000 ,0122,0000,7200,https://radiko.jp/res/program/DEFAULT_IMAGE/LFR/uxb1pneane.png,uxb1pneane.png,uxb1pneane.png,,4
ニッポン放送,ミューコミプラス,吉田尚記（ニッポン放送アナウンサー）ゲスト：D4DJ（根岸愛(Merm4id) 高木美佑(Peaky P-key)） 火曜アシスタント：田所あずさ,20200122000000 ,0122,0000,20200122005800 ,0122,0058,3480,https://radiko.jp/res/program/DEFAULT_IMAGE/LFR/obvrjzqr4f.png,obvrjzqr4f.png,obvrjzqr4f.png,,73
ニッポン放送,ミュージック・パーティー,熊谷実帆（ニッポン放送アナウンサー）,20200122005800 ,0122,0058,20200122010000 ,0122,0100,120,https://radiko.jp/res/program/DEFAULT_IMAGE/LFR/mqwvwfi835.png,mqwvwfi835.png,mqwvwfi835.png,,18
ニッポン放送,星野源のオールナイトニッポン,星野源,20200122010000 ,0122,0100,20200122030000 ,0122,0300,7200,https://radiko.jp/res/program/DEFAULT_IMAGE/LFR/f6drj3etr9.png,f6drj3etr9.png,f6drj3etr9.png,,3
ニッポン放送,Creepy Nutsのオールナイトニッポン0(ZERO),Creepy Nuts（R-指定、DJ松永）,20200122030000 ,0122,0300,20200122043000 ,0122,0430,5400,https://radiko.jp/res/program/DEFAULT_IMAGE/LFR/saf5w1hxik.png,saf5w1hxik.png,saf5w1hxik.png,,22
ニッポン放送,上柳昌彦 あさぼらけ,上柳昌彦,20200122043000 ,0122,0430,20200122050000 ,0122,0500,1800,https://radiko.jp/res/program/DEFAULT_IMAGE/LFR/n3iel9n3md.png,n3iel9n3md.png,n3iel9n3md.png,,4
ニッポン放送,上柳昌彦 あさぼらけ,上柳昌彦,20200122050000 ,0122,0500,20200122060000 ,0122,0600,3600,https://radiko.jp/res/program/DEFAULT_IMAGE/LFR/n3iel9n3md.png,n3iel9n3md.png,n3iel9n3md.png,,4
ニッポン放送,飯田浩司のOK! Cozy up! Part1,飯田浩司、新行市佳、高橋洋一,20200122060000 ,0122,0600,20200122064300 ,0122,0643,2580,https://radiko.jp/res/program/DEFAULT_IMAGE/LFR/r2nv8hvsu7.png,r2nv8hvsu7.png,r2nv8hvsu7.png,,14
ニッポン放送,あさナビ,黒木瞳、那須正幹,20200122064300 ,0122,0643,20200122065000 ,0122,0650,420,https://radiko.jp/res/program/DEFAULT_IMAGE/LFR/3xdhrd3jxs.png,3xdhrd3jxs.png,3xdhrd3jxs.png,,8
ニッポン放送,飯田浩司のOK! Cozy up! Part2,飯田浩司、新行市佳、高橋洋一,20200122065000 ,0122,0650,20200122073700 ,0122,0737,2820,https://radiko.jp/res/program/DEFAULT_IMAGE/LFR/r2nv8hvsu7.png,r2nv8hvsu7.png,r2nv8hvsu7.png,,14
ニッポン放送,鈴木杏樹のいってらっしゃい,鈴木杏樹,20200122073700 ,0122,0737,20200122074100 ,0122,0741,240,https://radiko.jp/res/program/DEFAULT_IMAGE/LFR/mld80k639q.png,mld80k639q.png,mld80k639q.png,,4
ニッポン放送,飯田浩司のOK! Cozy up! Part3,飯田浩司、新行市佳、高橋洋一,20200122074100 ,0122,0741,20200122080000 ,0122,0800,1140,https://radiko.jp/res/program/DEFAULT_IMAGE/LFR/r2nv8hvsu7.png,r2nv8hvsu7.png,r2nv8hvsu7.png,,14
ニッポン放送,垣花正あなたとハッピー！Part1,垣花正、那須恵理子,20200122080000 ,0122,0800,20200122082500 ,0122,0825,1500,https://radiko.jp/res/program/DEFAULT_IMAGE/LFR/b4mmdw0bff.png,b4mmdw0bff.png,b4mmdw0bff.png,,9
ニッポン放送,川井郁子 ハートストリングス,川井郁子,20200122082500 ,0122,0825,20200122082800 ,0122,0828,180,https://radiko.jp/res/program/DEFAULT_IMAGE/LFR/vtbthn6wqp.png,vtbthn6wqp.png,vtbthn6wqp.png,,4
ニッポン放送,垣花正あなたとハッピー！Part2,垣花正、那須恵理子,20200122082800 ,0122,0828,20200122101200 ,0122,1012,6240,https://radiko.jp/res/program/DEFAULT_IMAGE/LFR/b4mmdw0bff.png,b4mmdw0bff.png,b4mmdw0bff.png,,9
ニッポン放送,榊原郁恵のハッピー・ダイアリー,榊原郁恵,20200122101200 ,0122,1012,20200122101700 ,0122,1017,300,https://radiko.jp/res/program/DEFAULT_IMAGE/LFR/7wzctw5jdg.png,7wzctw5jdg.png,7wzctw5jdg.png,,4
ニッポン放送,垣花正あなたとハッピー！Part3,垣花正、那須恵理子,20200122101700 ,0122,1017,20200122103500 ,0122,1035,1080,https://radiko.jp/res/program/DEFAULT_IMAGE/LFR/b4mmdw0bff.png,b4mmdw0bff.png,b4mmdw0bff.png,,9
ニッポン放送,うつみ宮土理のおしゃべりしましょ,うつみ宮土理,20200122103500 ,0122,1035,20200122104000 ,0122,1040,300,https://radiko.jp/res/program/DEFAULT_IMAGE/LFR/.t3p5i4kdi.png,.t3p5i4kdi.png,t3p5i4kdi.png,,6
ニッポン放送,垣花正あなたとハッピー！Part4,垣花正、那須恵理子,20200122104000 ,0122,1040,20200122110000 ,0122,1100,1200,https://radiko.jp/res/program/DEFAULT_IMAGE/LFR/b4mmdw0bff.png,b4mmdw0bff.png,b4mmdw0bff.png,,9
ニッポン放送,テレフォン人生相談,,20200122110000 ,0122,1100,20200122112000 ,0122,1120,1200,https://radiko.jp/res/program/DEFAULT_IMAGE/LFR/om67rj2fia.png,om67rj2fia.png,om67rj2fia.png,,0
ニッポン放送,垣花正あなたとハッピー！Part5,垣花正、那須恵理子,20200122112000 ,0122,1120,20200122113000 ,0122,1130,600,https://radiko.jp/res/program/DEFAULT_IMAGE/LFR/b4mmdw0bff.png,b4mmdw0bff.png,b4mmdw0bff.png,,9
ニッポン放送,高田文夫のラジオビバリー昼ズ,春風亭昇太、乾貴美子,20200122113000 ,0122,1130,20200122130000 ,0122,1300,5400,https://radiko.jp/res/program/DEFAULT_IMAGE/LFR/8vdto1n5oz.png,8vdto1n5oz.png,8vdto1n5oz.png,,10
ニッポン放送,DAYS Part1,原田龍二・東島衣里 ゲスト：松本伊代さん,20200122130000 ,0122,1300,20200122134200 ,0122,1342,2520,https://radiko.jp/res/program/DEFAULT_IMAGE/LFR/73z5pogic8.png,73z5pogic8.png,73z5pogic8.png,,20
ニッポン放送,ニッポンチャレンジドアスリート,,20200122134200 ,0122,1342,20200122134800 ,0122,1348,360,https://radiko.jp/res/program/DEFAULT_IMAGE/LFR/8uaviuuy48.png,8uaviuuy48.png,8uaviuuy48.png,,0
ニッポン放送,DAYS Part2,原田龍二・東島衣里 ゲスト：松本伊代さん,20200122134800 ,0122,1348,20200122160000 ,0122,1600,7920,https://radiko.jp/res/program/DEFAULT_IMAGE/LFR/73z5pogic8.png,73z5pogic8.png,73z5pogic8.png,,20
ニッポン放送,草野満代 夕暮れWONDER4,ゲスト/石井宏子（温泉ビューティ研究家）、草野満代、松本秀夫,20200122160000 ,0122,1600,20200122180000 ,0122,1800,7200,https://radiko.jp/res/program/DEFAULT_IMAGE/LFR/vu28hznnu5.png,vu28hznnu5.png,vu28hznnu5.png,,30
ニッポン放送,ザ・フォーカス Part1,パーソナリティ：森田耕次（ニッポン放送報道部解説委員） アシスタント：増山さやか（ニッポン放送アナウンサー）コメンテーター：小西克哉<br>（国際ジャーナリスト）,20200122180000 ,0122,1800,20200122183400 ,0122,1834,2040,https://radiko.jp/res/program/DEFAULT_IMAGE/LFR/whkfuyy08x.png,whkfuyy08x.png,whkfuyy08x.png,,81
ニッポン放送,小島奈津子のおかえりなさい,小島奈津子,20200122183400 ,0122,1834,20200122183800 ,0122,1838,240,https://radiko.jp/res/program/DEFAULT_IMAGE/LFR/e5jlh485sq.png,e5jlh485sq.png,e5jlh485sq.png,,5
ニッポン放送,ザ・フォーカス Part2,パーソナリティ：森田耕次（ニッポン放送報道部解説委員） アシスタント：増山さやか（ニッポン放送アナウンサー）コメンテーター：小西克哉<br>（国際ジャーナリスト）,20200122183800 ,0122,1838,20200122193100 ,0122,1931,3180,https://radiko.jp/res/program/DEFAULT_IMAGE/LFR/whkfuyy08x.png,whkfuyy08x.png,whkfuyy08x.png,,81
ニッポン放送,女神たちのオリンピック,潮田玲子,20200122193100 ,0122,1931,20200122193800 ,0122,1938,420,https://radiko.jp/res/program/DEFAULT_IMAGE/LFR/xm46ufy0qg.png,xm46ufy0qg.png,xm46ufy0qg.png,,4
ニッポン放送,ザ・フォーカス Part3,パーソナリティ：森田耕次（ニッポン放送報道部解説委員） アシスタント：増山さやか（ニッポン放送アナウンサー）コメンテーター：小西克哉<br>（国際ジャーナリスト）,20200122193800 ,0122,1938,20200122202000 ,0122,2020,2520,https://radiko.jp/res/program/DEFAULT_IMAGE/LFR/whkfuyy08x.png,whkfuyy08x.png,whkfuyy08x.png,,81
ニッポン放送,土屋礼央 SOUND RING,土屋礼央 ゲスト：コレサワ,20200122202000 ,0122,2020,20200122205000 ,0122,2050,1800,https://radiko.jp/res/program/DEFAULT_IMAGE/LFR/x7l67ee9ea.png,x7l67ee9ea.png,x7l67ee9ea.png,,13
ニッポン放送,西川貴教のちょこっとナイトニッポン！,西川貴教,20200122205000 ,0122,2050,20200122210000 ,0122,2100,600,https://radiko.jp/res/program/DEFAULT_IMAGE/LFR/edz80qsiqk.png,edz80qsiqk.png,edz80qsiqk.png,,4
ニッポン放送,KIREI NOTE Lounge,高橋愛,20200122210000 ,0122,2100,20200122213000 ,0122,2130,1800,https://radiko.jp/res/program/DEFAULT_IMAGE/LFR/bnq6tl5xas.png,bnq6tl5xas.png,bnq6tl5xas.png,,3
ニッポン放送,龍 真咲のMOONLIGHT PARTY,龍 真咲,20200122213000 ,0122,2130,20200122215000 ,0122,2150,1200,https://radiko.jp/res/program/DEFAULT_IMAGE/LFR/1uq512cwiq.png,1uq512cwiq.png,1uq512cwiq.png,,4
ニッポン放送,スポーツ伝説,滝本沙奈,20200122215000 ,0122,2150,20200122215700 ,0122,2157,420,https://radiko.jp/res/program/DEFAULT_IMAGE/LFR/skzf9nkyhu.png,skzf9nkyhu.png,skzf9nkyhu.png,,4
ニッポン放送,看板娘ホッピー・ミーナのHOPPY HAPPY BAR,,20200122215700 ,0122,2157,20200122220000 ,0122,2200,180,https://radiko.jp/res/program/DEFAULT_IMAGE/LFR/knmnlsojft.png,knmnlsojft.png,knmnlsojft.png,,0
ニッポン放送,オールナイトニッポン MUSIC10,鈴木杏樹,20200122220000 ,0122,2200,20200123000000 ,0123,0000,7200,https://radiko.jp/res/program/DEFAULT_IMAGE/LFR/8m6l1js97n.png,8m6l1js97n.png,8m6l1js97n.png,,4
ニッポン放送,ミューコミプラス,吉田尚記（ニッポン放送アナウンサー）　ゲスト：The Floor / 青春高校3年C組,20200123000000 ,0123,0000,20200123005800 ,0123,0058,3480,https://radiko.jp/res/program/DEFAULT_IMAGE/LFR/obvrjzqr4f.png,obvrjzqr4f.png,obvrjzqr4f.png,,43
ニッポン放送,ミュージック・パーティー,熊谷実帆（ニッポン放送アナウンサー）,20200123005800 ,0123,0058,20200123010000 ,0123,0100,120,https://radiko.jp/res/program/DEFAULT_IMAGE/LFR/mqwvwfi835.png,mqwvwfi835.png,mqwvwfi835.png,,18
ニッポン放送,乃木坂46のオールナイトニッポン,メインパーソナリティー：新内眞衣（乃木坂46）,20200123010000 ,0123,0100,20200123030000 ,0123,0300,7200,https://radiko.jp/res/program/DEFAULT_IMAGE/LFR/sjal7l1pmh.png,sjal7l1pmh.png,sjal7l1pmh.png,,23
ニッポン放送,佐久間宣行のオールナイトニッポン0(ZERO),佐久間宣行(TV東京・プロデューサー)/頓知気さきな/持田優奈/齋藤有紗(青春高校3年C組アイドル部),20200123030000 ,0123,0300,20200123043000 ,0123,0430,5400,https://radiko.jp/res/program/DEFAULT_IMAGE/LFR/vx5gy6bfhf.png,vx5gy6bfhf.png,vx5gy6bfhf.png,,51
ニッポン放送,上柳昌彦 あさぼらけ,上柳昌彦,20200123043000 ,0123,0430,20200123050000 ,0123,0500,1800,https://radiko.jp/res/program/DEFAULT_IMAGE/LFR/n3iel9n3md.png,n3iel9n3md.png,n3iel9n3md.png,,4
ニッポン放送,上柳昌彦 あさぼらけ,上柳昌彦,20200123050000 ,0123,0500,20200123060000 ,0123,0600,3600,https://radiko.jp/res/program/DEFAULT_IMAGE/LFR/n3iel9n3md.png,n3iel9n3md.png,n3iel9n3md.png,,4
ニッポン放送,飯田浩司のOK! Cozy up! Part1,飯田浩司、新行市佳、鈴木哲夫,20200123060000 ,0123,0600,20200123064300 ,0123,0643,2580,https://radiko.jp/res/program/DEFAULT_IMAGE/LFR/r2nv8hvsu7.png,r2nv8hvsu7.png,r2nv8hvsu7.png,,14
ニッポン放送,あさナビ,黒木瞳、那須正幹,20200123064300 ,0123,0643,20200123065000 ,0123,0650,420,https://radiko.jp/res/program/DEFAULT_IMAGE/LFR/3xdhrd3jxs.png,3xdhrd3jxs.png,3xdhrd3jxs.png,,8
ニッポン放送,飯田浩司のOK! Cozy up! Part2,飯田浩司、新行市佳、鈴木哲夫,20200123065000 ,0123,0650,20200123073700 ,0123,0737,2820,https://radiko.jp/res/program/DEFAULT_IMAGE/LFR/r2nv8hvsu7.png,r2nv8hvsu7.png,r2nv8hvsu7.png,,14
ニッポン放送,鈴木杏樹のいってらっしゃい,鈴木杏樹,20200123073700 ,0123,0737,20200123074100 ,0123,0741,240,https://radiko.jp/res/program/DEFAULT_IMAGE/LFR/mld80k639q.png,mld80k639q.png,mld80k639q.png,,4
ニッポン放送,飯田浩司のOK! Cozy up! Part3,飯田浩司、新行市佳、鈴木哲夫,20200123074100 ,0123,0741,20200123080000 ,0123,0800,1140,https://radiko.jp/res/program/DEFAULT_IMAGE/LFR/r2nv8hvsu7.png,r2nv8hvsu7.png,r2nv8hvsu7.png,,14
ニッポン放送,垣花正あなたとハッピー！Part1,垣花正、那須恵理子、中瀬ゆかり,20200123080000 ,0123,0800,20200123082500 ,0123,0825,1500,https://radiko.jp/res/program/DEFAULT_IMAGE/LFR/b4mmdw0bff.png,b4mmdw0bff.png,b4mmdw0bff.png,,15
ニッポン放送,川井郁子 ハートストリングス,川井郁子,20200123082500 ,0123,0825,20200123082800 ,0123,0828,180,https://radiko.jp/res/program/DEFAULT_IMAGE/LFR/vtbthn6wqp.png,vtbthn6wqp.png,vtbthn6wqp.png,,4
ニッポン放送,垣花正あなたとハッピー！Part2,垣花正、那須恵理子、中瀬ゆかり,20200123082800 ,0123,0828,20200123101200 ,0123,1012,6240,https://radiko.jp/res/program/DEFAULT_IMAGE/LFR/b4mmdw0bff.png,b4mmdw0bff.png,b4mmdw0bff.png,,15
ニッポン放送,榊原郁恵のハッピー・ダイアリー,榊原郁恵,20200123101200 ,0123,1012,20200123101700 ,0123,1017,300,https://radiko.jp/res/program/DEFAULT_IMAGE/LFR/7wzctw5jdg.png,7wzctw5jdg.png,7wzctw5jdg.png,,4
ニッポン放送,垣花正あなたとハッピー！Part3,垣花正、那須恵理子,20200123101700 ,0123,1017,20200123103500 ,0123,1035,1080,https://radiko.jp/res/program/DEFAULT_IMAGE/LFR/b4mmdw0bff.png,b4mmdw0bff.png,b4mmdw0bff.png,,9
ニッポン放送,うつみ宮土理のおしゃべりしましょ,うつみ宮土理,20200123103500 ,0123,1035,20200123104000 ,0123,1040,300,https://radiko.jp/res/program/DEFAULT_IMAGE/LFR/.t3p5i4kdi.png,.t3p5i4kdi.png,t3p5i4kdi.png,,6
ニッポン放送,垣花正あなたとハッピー！Part4,垣花正、那須恵理子,20200123104000 ,0123,1040,20200123110000 ,0123,1100,1200,https://radiko.jp/res/program/DEFAULT_IMAGE/LFR/b4mmdw0bff.png,b4mmdw0bff.png,b4mmdw0bff.png,,9
ニッポン放送,テレフォン人生相談,,20200123110000 ,0123,1100,20200123112000 ,0123,1120,1200,https://radiko.jp/res/program/DEFAULT_IMAGE/LFR/om67rj2fia.png,om67rj2fia.png,om67rj2fia.png,,0
ニッポン放送,垣花正あなたとハッピー！Part5,垣花正、那須恵理子,20200123112000 ,0123,1120,20200123113000 ,0123,1130,600,https://radiko.jp/res/program/DEFAULT_IMAGE/LFR/b4mmdw0bff.png,b4mmdw0bff.png,b4mmdw0bff.png,,9
ニッポン放送,高田文夫のラジオビバリー昼ズ,清水ミチコ、ナイツ（塙宣之・土屋伸之）,20200123113000 ,0123,1130,20200123130000 ,0123,1300,5400,https://radiko.jp/res/program/DEFAULT_IMAGE/LFR/lt6faj1fp9.png,lt6faj1fp9.png,lt6faj1fp9.png,,19
ニッポン放送,DAYS Part1,安東弘樹・東島衣里　ゲスト：,20200123130000 ,0123,1300,20200123134200 ,0123,1342,2520,https://radiko.jp/res/program/DEFAULT_IMAGE/LFR/9r6k6tq84i.png,9r6k6tq84i.png,9r6k6tq84i.png,,14
ニッポン放送,ニッポンチャレンジドアスリート,,20200123134200 ,0123,1342,20200123134800 ,0123,1348,360,https://radiko.jp/res/program/DEFAULT_IMAGE/LFR/8uaviuuy48.png,8uaviuuy48.png,8uaviuuy48.png,,0
ニッポン放送,DAYS Part2,安東弘樹、東島衣里　ゲスト：wacci,20200123134800 ,0123,1348,20200123160000 ,0123,1600,7920,https://radiko.jp/res/program/DEFAULT_IMAGE/LFR/9r6k6tq84i.png,9r6k6tq84i.png,9r6k6tq84i.png,,19
ニッポン放送,草野満代 夕暮れWONDER4,ゲスト/石井宏子（温泉ビューティ研究家）、草野満代、松本秀夫,20200123160000 ,0123,1600,20200123180000 ,0123,1800,7200,https://radiko.jp/res/program/DEFAULT_IMAGE/LFR/vu28hznnu5.png,vu28hznnu5.png,vu28hznnu5.png,,30
ニッポン放送,ザ・フォーカス Part1,パーソナリティ：森田耕次（ニッポン放送報道部解説委員） アシスタント：増山さやか（ニッポン放送アナウンサー）　コメンテーター：富坂聰（拓殖大学教授）,20200123180000 ,0123,1800,20200123183400 ,0123,1834,2040,https://radiko.jp/res/program/DEFAULT_IMAGE/LFR/whkfuyy08x.png,whkfuyy08x.png,whkfuyy08x.png,,74
ニッポン放送,小島奈津子のおかえりなさい,小島奈津子,20200123183400 ,0123,1834,20200123183800 ,0123,1838,240,https://radiko.jp/res/program/DEFAULT_IMAGE/LFR/e5jlh485sq.png,e5jlh485sq.png,e5jlh485sq.png,,5
ニッポン放送,ザ・フォーカス Part2,パーソナリティ：森田耕次（ニッポン放送報道部解説委員） アシスタント：増山さやか（ニッポン放送アナウンサー）　コメンテーター：富坂聰（拓殖大学教授）,20200123183800 ,0123,1838,20200123193100 ,0123,1931,3180,https://radiko.jp/res/program/DEFAULT_IMAGE/LFR/whkfuyy08x.png,whkfuyy08x.png,whkfuyy08x.png,,74
ニッポン放送,女神たちのオリンピック,潮田玲子,20200123193100 ,0123,1931,20200123193800 ,0123,1938,420,https://radiko.jp/res/program/DEFAULT_IMAGE/LFR/xm46ufy0qg.png,xm46ufy0qg.png,xm46ufy0qg.png,,4
ニッポン放送,ザ・フォーカス Part3,パーソナリティ：森田耕次（ニッポン放送報道部解説委員） アシスタント：増山さやか（ニッポン放送アナウンサー）　コメンテーター：富坂聰（拓殖大学教授）,20200123193800 ,0123,1938,20200123202000 ,0123,2020,2520,https://radiko.jp/res/program/DEFAULT_IMAGE/LFR/whkfuyy08x.png,whkfuyy08x.png,whkfuyy08x.png,,74
ニッポン放送,ラジオ新大陸,三浦崇宏,20200123202000 ,0123,2020,20200123205000 ,0123,2050,1800,https://radiko.jp/res/program/DEFAULT_IMAGE/LFR/nbon95rrab.png,nbon95rrab.png,nbon95rrab.png,,4
ニッポン放送,西川貴教のちょこっとナイトニッポン！,西川貴教,20200123205000 ,0123,2050,20200123210000 ,0123,2100,600,https://radiko.jp/res/program/DEFAULT_IMAGE/LFR/edz80qsiqk.png,edz80qsiqk.png,edz80qsiqk.png,,4
ニッポン放送,銀シャリのほくほくマネーラジオ,銀シャリ（鰻和弘、橋本直）,20200123210000 ,0123,2100,20200123213000 ,0123,2130,1800,https://radiko.jp/res/program/DEFAULT_IMAGE/LFR/j55xu1kzf7.png,j55xu1kzf7.png,j55xu1kzf7.png,,13
ニッポン放送,政井マヤ 世界ぐるっとカフェトーク,政井マヤ・為末大,20200123213000 ,0123,2130,20200123215000 ,0123,2150,1200,https://radiko.jp/res/program/DEFAULT_IMAGE/LFR/vui01b7tis.png,vui01b7tis.png,vui01b7tis.png,,8
ニッポン放送,スポーツ伝説,滝本沙奈,20200123215000 ,0123,2150,20200123215700 ,0123,2157,420,https://radiko.jp/res/program/DEFAULT_IMAGE/LFR/skzf9nkyhu.png,skzf9nkyhu.png,skzf9nkyhu.png,,4
ニッポン放送,看板娘ホッピー・ミーナのHOPPY HAPPY BAR,,20200123215700 ,0123,2157,20200123220000 ,0123,2200,180,https://radiko.jp/res/program/DEFAULT_IMAGE/LFR/knmnlsojft.png,knmnlsojft.png,knmnlsojft.png,,0
ニッポン放送,オールナイトニッポン MUSIC10,渡辺満里奈,20200123220000 ,0123,2200,20200124000000 ,0124,0000,7200,https://radiko.jp/res/program/DEFAULT_IMAGE/LFR/xcwmxs4m52.png,xcwmxs4m52.png,xcwmxs4m52.png,,5
ニッポン放送,ミューコミプラス,吉田尚記（ニッポン放送アナウンサー） ゲスト：田野アサミ,20200124000000 ,0124,0000,20200124005800 ,0124,0058,3480,https://radiko.jp/res/program/DEFAULT_IMAGE/LFR/obvrjzqr4f.png,obvrjzqr4f.png,obvrjzqr4f.png,,28
ニッポン放送,ミュージック・パーティー,熊谷実帆（ニッポン放送アナウンサー）,20200124005800 ,0124,0058,20200124010000 ,0124,0100,120,https://radiko.jp/res/program/DEFAULT_IMAGE/LFR/mqwvwfi835.png,mqwvwfi835.png,mqwvwfi835.png,,18
ニッポン放送,ナインティナイン岡村隆史のオールナイトニッポン,岡村隆史(ナインティナイン),20200124010000 ,0124,0100,20200124030000 ,0124,0300,7200,https://radiko.jp/res/program/DEFAULT_IMAGE/LFR/c62177fvkg.png,c62177fvkg.png,c62177fvkg.png,,14
ニッポン放送,King Gnu井口理のオールナイトニッポン0(ZERO),井口理（King Gnu）,20200124030000 ,0124,0300,20200124043000 ,0124,0430,5400,https://radiko.jp/res/program/DEFAULT_IMAGE/LFR/66d1w4x7wg.png,66d1w4x7wg.png,66d1w4x7wg.png,,13
ニッポン放送,上柳昌彦 あさぼらけ,上柳昌彦,20200124043000 ,0124,0430,20200124050000 ,0124,0500,1800,https://radiko.jp/res/program/DEFAULT_IMAGE/LFR/n3iel9n3md.png,n3iel9n3md.png,n3iel9n3md.png,,4
ニッポン放送,上柳昌彦 あさぼらけ,上柳昌彦,20200124050000 ,0124,0500,20200124060000 ,0124,0600,3600,https://radiko.jp/res/program/DEFAULT_IMAGE/LFR/n3iel9n3md.png,n3iel9n3md.png,n3iel9n3md.png,,4
ニッポン放送,飯田浩司のOK! Cozy up! Part1,飯田浩司、新行市佳、宮家邦彦,20200124060000 ,0124,0600,20200124064300 ,0124,0643,2580,https://radiko.jp/res/program/DEFAULT_IMAGE/LFR/r2nv8hvsu7.png,r2nv8hvsu7.png,r2nv8hvsu7.png,,14
ニッポン放送,あさナビ,黒木瞳、那須正幹,20200124064300 ,0124,0643,20200124065000 ,0124,0650,420,https://radiko.jp/res/program/DEFAULT_IMAGE/LFR/3xdhrd3jxs.png,3xdhrd3jxs.png,3xdhrd3jxs.png,,8
ニッポン放送,飯田浩司のOK! Cozy up! Part2,飯田浩司、新行市佳、宮家邦彦,20200124065000 ,0124,0650,20200124073700 ,0124,0737,2820,https://radiko.jp/res/program/DEFAULT_IMAGE/LFR/r2nv8hvsu7.png,r2nv8hvsu7.png,r2nv8hvsu7.png,,14
ニッポン放送,鈴木杏樹のいってらっしゃい,鈴木杏樹,20200124073700 ,0124,0737,20200124074100 ,0124,0741,240,https://radiko.jp/res/program/DEFAULT_IMAGE/LFR/mld80k639q.png,mld80k639q.png,mld80k639q.png,,4
ニッポン放送,飯田浩司のOK! Cozy up! Part3,飯田浩司、新行市佳、宮家邦彦,20200124074100 ,0124,0741,20200124080000 ,0124,0800,1140,https://radiko.jp/res/program/DEFAULT_IMAGE/LFR/r2nv8hvsu7.png,r2nv8hvsu7.png,r2nv8hvsu7.png,,14
ニッポン放送,春風亭一之輔あなたとハッピー！Part1,春風亭一之輔、増山さやか,20200124080000 ,0124,0800,20200124082500 ,0124,0825,1500,https://radiko.jp/res/program/DEFAULT_IMAGE/LFR/n1aqydnghj.png,n1aqydnghj.png,n1aqydnghj.png,,12
ニッポン放送,川井郁子 ハートストリングス,川井郁子,20200124082500 ,0124,0825,20200124082800 ,0124,0828,180,https://radiko.jp/res/program/DEFAULT_IMAGE/LFR/vtbthn6wqp.png,vtbthn6wqp.png,vtbthn6wqp.png,,4
ニッポン放送,春風亭一之輔あなたとハッピー！Part2,春風亭一之輔、増山さやか,20200124082800 ,0124,0828,20200124101200 ,0124,1012,6240,https://radiko.jp/res/program/DEFAULT_IMAGE/LFR/n1aqydnghj.png,n1aqydnghj.png,n1aqydnghj.png,,12
ニッポン放送,榊原郁恵のハッピー・ダイアリー,榊原郁恵,20200124101200 ,0124,1012,20200124101700 ,0124,1017,300,https://radiko.jp/res/program/DEFAULT_IMAGE/LFR/7wzctw5jdg.png,7wzctw5jdg.png,7wzctw5jdg.png,,4
ニッポン放送,春風亭一之輔あなたとハッピー！Part3,春風亭一之輔、増山さやか,20200124101700 ,0124,1017,20200124103500 ,0124,1035,1080,https://radiko.jp/res/program/DEFAULT_IMAGE/LFR/n1aqydnghj.png,n1aqydnghj.png,n1aqydnghj.png,,12
ニッポン放送,うつみ宮土理のおしゃべりしましょ,うつみ宮土理,20200124103500 ,0124,1035,20200124104000 ,0124,1040,300,https://radiko.jp/res/program/DEFAULT_IMAGE/LFR/.t3p5i4kdi.png,.t3p5i4kdi.png,t3p5i4kdi.png,,6
ニッポン放送,春風亭一之輔あなたとハッピー！Part4,春風亭一之輔、増山さやか,20200124104000 ,0124,1040,20200124110000 ,0124,1100,1200,https://radiko.jp/res/program/DEFAULT_IMAGE/LFR/n1aqydnghj.png,n1aqydnghj.png,n1aqydnghj.png,,12
ニッポン放送,テレフォン人生相談,,20200124110000 ,0124,1100,20200124112000 ,0124,1120,1200,https://radiko.jp/res/program/DEFAULT_IMAGE/LFR/om67rj2fia.png,om67rj2fia.png,om67rj2fia.png,,0
ニッポン放送,春風亭一之輔あなたとハッピー！Part5,春風亭一之輔、増山さやか,20200124112000 ,0124,1120,20200124113000 ,0124,1130,600,https://radiko.jp/res/program/DEFAULT_IMAGE/LFR/n1aqydnghj.png,n1aqydnghj.png,n1aqydnghj.png,,12
ニッポン放送,高田文夫のラジオビバリー昼ズ,高田文夫、松村邦洋、磯山さやか,20200124113000 ,0124,1130,20200124130000 ,0124,1300,5400,https://radiko.jp/res/program/DEFAULT_IMAGE/LFR/p48o6nty47.png,p48o6nty47.png,p48o6nty47.png,,15
ニッポン放送,大橋未歩 金曜ブラボー Part1,大橋未歩,20200124130000 ,0124,1300,20200124134200 ,0124,1342,2520,https://radiko.jp/res/program/DEFAULT_IMAGE/LFR/ox32t54jqg.png,ox32t54jqg.png,ox32t54jqg.png,,4
ニッポン放送,ニッポンチャレンジドアスリート,,20200124134200 ,0124,1342,20200124134800 ,0124,1348,360,https://radiko.jp/res/program/DEFAULT_IMAGE/LFR/8uaviuuy48.png,8uaviuuy48.png,8uaviuuy48.png,,0
ニッポン放送,大橋未歩 金曜ブラボー Part2,大橋未歩,20200124134800 ,0124,1348,20200124150000 ,0124,1500,4320,https://radiko.jp/res/program/DEFAULT_IMAGE/LFR/ox32t54jqg.png,ox32t54jqg.png,ox32t54jqg.png,,4
ニッポン放送,大橋未歩 金曜ブラボー Part3,大橋未歩,20200124150000 ,0124,1500,20200124172000 ,0124,1720,8400,https://radiko.jp/res/program/DEFAULT_IMAGE/LFR/ox32t54jqg.png,ox32t54jqg.png,ox32t54jqg.png,,4
ニッポン放送,河北麻友子のマユコレ！,河北麻友子、ゲスト：宮本茉由,20200124172000 ,0124,1720,20200124174000 ,0124,1740,1200,https://radiko.jp/res/program/DEFAULT_IMAGE/LFR/qs24zfw1bi.png,qs24zfw1bi.png,qs24zfw1bi.png,,14
ニッポン放送,ザ・フォーカス〜フライデースペシャル Part1,パーソナリティ：垣花正（フリーアナウンサー）　コメンテーター：江本孟紀（ショウアップナイター解説者）,20200124174000 ,0124,1740,20200124183400 ,0124,1834,3240,https://radiko.jp/res/program/DEFAULT_IMAGE/LFR/81ah52cmqj.png,81ah52cmqj.png,81ah52cmqj.png,,50
ニッポン放送,小島奈津子のおかえりなさい,小島奈津子,20200124183400 ,0124,1834,20200124183800 ,0124,1838,240,https://radiko.jp/res/program/DEFAULT_IMAGE/LFR/e5jlh485sq.png,e5jlh485sq.png,e5jlh485sq.png,,5
ニッポン放送,ザ・フォーカス〜フライデースペシャル Part2,パーソナリティ：垣花正（フリーアナウンサー）　コメンテーター：江本孟紀（ショウアップナイター解説者）,20200124183800 ,0124,1838,20200124193100 ,0124,1931,3180,https://radiko.jp/res/program/DEFAULT_IMAGE/LFR/81ah52cmqj.png,81ah52cmqj.png,81ah52cmqj.png,,50
ニッポン放送,女神たちのオリンピック,潮田玲子,20200124193100 ,0124,1931,20200124193800 ,0124,1938,420,https://radiko.jp/res/program/DEFAULT_IMAGE/LFR/xm46ufy0qg.png,xm46ufy0qg.png,xm46ufy0qg.png,,4
ニッポン放送,ザ・フォーカス〜フライデースペシャル Part3,パーソナリティ：垣花正（フリーアナウンサー）　コメンテーター：江本孟紀（ショウアップナイター解説者）,20200124193800 ,0124,1938,20200124202000 ,0124,2020,2520,https://radiko.jp/res/program/DEFAULT_IMAGE/LFR/81ah52cmqj.png,81ah52cmqj.png,81ah52cmqj.png,,50
ニッポン放送,dreamBoatのラジオボート,dreamBoat（風男塾、ael-アエル-、EUPHORIA）,20200124202000 ,0124,2020,20200124203000 ,0124,2030,600,https://radiko.jp/res/program/DEFAULT_IMAGE/LFR/6m1rb1yafl.png,6m1rb1yafl.png,6m1rb1yafl.png,,32
ニッポン放送,ガクのネ「戦國ロックラジオ　天歌奏論」,冨田明宏、水島精二　ゲスト：三木眞一郎,20200124203000 ,0124,2030,20200124205000 ,0124,2050,1200,https://radiko.jp/res/program/DEFAULT_IMAGE/LFR/gqn7udpvus.png,gqn7udpvus.png,gqn7udpvus.png,,19
ニッポン放送,西川貴教のちょこっとナイトニッポン！,西川貴教,20200124205000 ,0124,2050,20200124210000 ,0124,2100,600,https://radiko.jp/res/program/DEFAULT_IMAGE/LFR/edz80qsiqk.png,edz80qsiqk.png,edz80qsiqk.png,,4
ニッポン放送,劇団EXILEのREPROFILE,劇団EXILE:小野塚勇人＆八木将康、アシスタント：荘口彰久,20200124210000 ,0124,2100,20200124213000 ,0124,2130,1800,https://radiko.jp/res/program/DEFAULT_IMAGE/LFR/y9p2de8ueu.png,y9p2de8ueu.png,y9p2de8ueu.png,,30
ニッポン放送,OBP☆ただいま進化中！,OBP,20200124213000 ,0124,2130,20200124215000 ,0124,2150,1200,https://radiko.jp/res/program/DEFAULT_IMAGE/LFR/so8tm91loa.png,so8tm91loa.png,so8tm91loa.png,,3
ニッポン放送,スポーツ伝説,滝本沙奈,20200124215000 ,0124,2150,20200124215700 ,0124,2157,420,https://radiko.jp/res/program/DEFAULT_IMAGE/LFR/skzf9nkyhu.png,skzf9nkyhu.png,skzf9nkyhu.png,,4
ニッポン放送,看板娘ホッピー・ミーナのHOPPY HAPPY BAR,,20200124215700 ,0124,2157,20200124220000 ,0124,2200,180,https://radiko.jp/res/program/DEFAULT_IMAGE/LFR/knmnlsojft.png,knmnlsojft.png,knmnlsojft.png,,0
ニッポン放送,松任谷由実のオールナイトニッポンGOLD,松任谷由実、山路徹,20200124220000 ,0124,2200,20200125000000 ,0125,0000,7200,https://radiko.jp/res/program/DEFAULT_IMAGE/LFR/1qsiegmmub.png,1qsiegmmub.png,1qsiegmmub.png,,9
ニッポン放送,三代目 J SOUL BROTHERS 山下健二郎のZERO BASE,三代目 J SOUL BROTHERS 山下健二郎,20200125000000 ,0125,0000,20200125010000 ,0125,0100,3600,https://radiko.jp/res/program/DEFAULT_IMAGE/LFR/p20dc0crvc.png,p20dc0crvc.png,p20dc0crvc.png,,25
ニッポン放送,三四郎のオールナイトニッポン,三四郎(小宮浩信/相田周二),20200125010000 ,0125,0100,20200125030000 ,0125,0300,7200,https://radiko.jp/res/program/DEFAULT_IMAGE/LFR/n7xsgmi06k.png,n7xsgmi06k.png,n7xsgmi06k.png,,14
ニッポン放送,霜降り明星のオールナイトニッポン0(ZERO),霜降り明星(せいや/粗品),20200125030000 ,0125,0300,20200125050000 ,0125,0500,7200,https://radiko.jp/res/program/DEFAULT_IMAGE/LFR/wd7gsj7tat.png,wd7gsj7tat.png,wd7gsj7tat.png,,13
ニッポン放送,徳光和夫　とくモリ！歌謡サタデー,徳光和夫、石川みゆき、ゲスト：菅井友香（欅坂４６）インタビュー,20200125050000 ,0125,0500,20200125074000 ,0125,0740,9600,https://radiko.jp/res/program/DEFAULT_IMAGE/LFR/o700d5xfvj.png,o700d5xfvj.png,o700d5xfvj.png,,31
ニッポン放送,おしゃべりラボ〜しあわせSocial Design〜,中村陽一（立教大学社会デザイン研究所 所長）、残間里江子（プロデューサー）,20200125074000 ,0125,0740,20200125080000 ,0125,0800,1200,https://radiko.jp/res/program/DEFAULT_IMAGE/LFR/e2rsvd62nn.png,e2rsvd62nn.png,e2rsvd62nn.png,,37
ニッポン放送,Music Machine GO! GO!☆,小林克也,20200125080000 ,0125,0800,20200125083000 ,0125,0830,1800,https://radiko.jp/res/program/DEFAULT_IMAGE/LFR/nc4c54o1h8.png,nc4c54o1h8.png,nc4c54o1h8.png,,4
ニッポン放送,LOVE & MELODY,乾貴美子／ゲスト：森野熊八（料理人）,20200125083000 ,0125,0830,20200125105000 ,0125,1050,8400,https://radiko.jp/res/program/DEFAULT_IMAGE/LFR/.wte3sudbn.png,.wte3sudbn.png,wte3sudbn.png,,18
ニッポン放送,キャイーンの家電ソムリエ,キャイーン,20200125105000 ,0125,1050,20200125110000 ,0125,1100,600,https://radiko.jp/res/program/DEFAULT_IMAGE/LFR/vz07dtgfls.png,vz07dtgfls.png,vz07dtgfls.png,,5
ニッポン放送,ゴッドアフタヌーンアッコのいいかげんに1000回,和田アキ子、垣花正,20200125110000 ,0125,1100,20200125130000 ,0125,1300,7200,https://radiko.jp/res/program/DEFAULT_IMAGE/LFR/n5vntfprtn.png,n5vntfprtn.png,n5vntfprtn.png,,9
ニッポン放送,サタデーミュージックバトル 天野ひろゆき ルート930 Part1,天野ひろゆき,20200125130000 ,0125,1300,20200125150000 ,0125,1500,7200,https://radiko.jp/res/program/DEFAULT_IMAGE/LFR/tfzi38m1wd.png,tfzi38m1wd.png,tfzi38m1wd.png,,6
ニッポン放送,サタデーミュージックバトル 天野ひろゆき ルート930 Part2,天野ひろゆき,20200125150000 ,0125,1500,20200125163000 ,0125,1630,5400,https://radiko.jp/res/program/DEFAULT_IMAGE/LFR/tfzi38m1wd.png,tfzi38m1wd.png,tfzi38m1wd.png,,6
ニッポン放送,渡邉美樹 5年後の夢を語ろう！,渡邉美樹,20200125163000 ,0125,1630,20200125170000 ,0125,1700,1800,https://radiko.jp/res/program/DEFAULT_IMAGE/LFR/k7105no9cq.png,k7105no9cq.png,k7105no9cq.png,,4
ニッポン放送,さまぁ〜ず三村マサカズと小島瑠璃子の「みむこじラジオ！」,さまぁ〜ず三村マサカズ、小島瑠璃子,20200125170000 ,0125,1700,20200125173000 ,0125,1730,1800,https://radiko.jp/res/program/DEFAULT_IMAGE/LFR/hf9b876pt2.png,hf9b876pt2.png,hf9b876pt2.png,,17
ニッポン放送,有楽町930ステーション,,20200125173000 ,0125,1730,20200125174000 ,0125,1740,600,https://radiko.jp/res/program/DEFAULT_IMAGE/LFR/wo7fpt57u7.png,wo7fpt57u7.png,wo7fpt57u7.png,,0
ニッポン放送,NOKKOのオカエリ ただいま。,NOKKO,20200125174000 ,0125,1740,20200125180000 ,0125,1800,1200,https://radiko.jp/res/program/DEFAULT_IMAGE/LFR/gvls0xamxs.png,gvls0xamxs.png,gvls0xamxs.png,,5
ニッポン放送,やじうまサタデー よっ！たかしま屋！,高嶋ひでたけ,20200125180000 ,0125,1800,20200125190000 ,0125,1900,3600,https://radiko.jp/res/program/DEFAULT_IMAGE/LFR/blpjaptre9.png,blpjaptre9.png,blpjaptre9.png,,6
ニッポン放送,Kis-My-Ft2のオールナイトニッポンPremium,Kis-My-Ft2,20200125190000 ,0125,1900,20200125210000 ,0125,2100,7200,https://radiko.jp/res/program/DEFAULT_IMAGE/LFR/ysu61fu8wq.png,ysu61fu8wq.png,ysu61fu8wq.png,,10
ニッポン放送,KEN RADIO,　,20200125210000 ,0125,2100,20200125213000 ,0125,2130,1800,https://radiko.jp/res/program/DEFAULT_IMAGE/LFR/41wkhx7wgq.png,41wkhx7wgq.png,41wkhx7wgq.png,,1
ニッポン放送,山崎育三郎のI AM 1936,山崎育三郎,20200125213000 ,0125,2130,20200125220000 ,0125,2200,1800,https://radiko.jp/res/program/DEFAULT_IMAGE/LFR/ncwkve5bd3.png,ncwkve5bd3.png,ncwkve5bd3.png,,5
ニッポン放送,鈴木亮平 Going Up,鈴木亮平,20200125220000 ,0125,2200,20200125223000 ,0125,2230,1800,https://radiko.jp/res/program/DEFAULT_IMAGE/LFR/ngh44iokae.png,ngh44iokae.png,ngh44iokae.png,,4
ニッポン放送,藤ヶ谷太輔 Peaceful Days,藤ヶ谷太輔,20200125223000 ,0125,2230,20200125230000 ,0125,2300,1800,https://radiko.jp/res/program/DEFAULT_IMAGE/LFR/v335k3387n.png,v335k3387n.png,v335k3387n.png,,5
ニッポン放送,中居正広 ON & ON AIR,中居正広,20200125230000 ,0125,2300,20200125233000 ,0125,2330,1800,https://radiko.jp/res/program/DEFAULT_IMAGE/LFR/7v7nsoqb18.png,7v7nsoqb18.png,7v7nsoqb18.png,,4
ニッポン放送,オールナイトニッポンサタデースペシャル 大倉くんと高橋くん,大倉忠義(関ジャニ∞)、高橋優,20200125233000 ,0125,2330,20200126010000 ,0126,0100,5400,https://radiko.jp/res/program/DEFAULT_IMAGE/LFR/e53nchdoog.png,e53nchdoog.png,e53nchdoog.png,,15
ニッポン放送,オードリーのオールナイトニッポン,オードリー(若林正恭/春日俊彰),20200126010000 ,0126,0100,20200126030000 ,0126,0300,7200,https://radiko.jp/res/program/DEFAULT_IMAGE/LFR/23veq77mj8.png,23veq77mj8.png,23veq77mj8.png,,16
ニッポン放送,赤もみじのオールナイトニッポン0(ZERO),赤もみじ（村田大樹、阪田ベーカリー）,20200126030000 ,0126,0300,20200126043000 ,0126,0430,5400,https://radiko.jp/res/program/DEFAULT_IMAGE/LFR/igyxtk8gw2.png,igyxtk8gw2.png,igyxtk8gw2.png,,18
ニッポン放送,金光教の時間,,20200126043000 ,0126,0430,20200126044000 ,0126,0440,600,https://radiko.jp/res/program/DEFAULT_IMAGE/LFR/backcov343.png,backcov343.png,backcov343.png,,0
ニッポン放送,幸福への出発,,20200126044000 ,0126,0440,20200126050000 ,0126,0500,1200,https://radiko.jp/res/program/DEFAULT_IMAGE/LFR/rmgcq9hm9z.png,rmgcq9hm9z.png,rmgcq9hm9z.png,,0
ニッポン放送,ひろたみゆ紀のサンデー早起き有楽町 Part1,ひろたみゆ紀,20200126050000 ,0126,0500,20200126050600 ,0126,0506,360,https://radiko.jp/res/program/DEFAULT_IMAGE/LFR/xn3c8mqtyc.png,xn3c8mqtyc.png,xn3c8mqtyc.png,,6
ニッポン放送,魔法のラジオ,横田美穂,20200126050600 ,0126,0506,20200126051600 ,0126,0516,600,https://radiko.jp/res/program/DEFAULT_IMAGE/LFR/ckxehyceg4.png,ckxehyceg4.png,ckxehyceg4.png,,4
ニッポン放送,ひろたみゆ紀のサンデー早起き有楽町 Part2,ひろたみゆ紀,20200126051600 ,0126,0516,20200126053000 ,0126,0530,840,https://radiko.jp/res/program/DEFAULT_IMAGE/LFR/xn3c8mqtyc.png,xn3c8mqtyc.png,xn3c8mqtyc.png,,6
ニッポン放送,中山秀征の有楽町で逢いまSHOW,中山秀征・石川みゆき,20200126053000 ,0126,0530,20200126060000 ,0126,0600,1800,https://radiko.jp/res/program/DEFAULT_IMAGE/LFR/he0o7k6egj.png,he0o7k6egj.png,he0o7k6egj.png,,10
ニッポン放送,ひろたみゆ紀のサンデー早起き有楽町 Part3,ひろたみゆ紀,20200126060000 ,0126,0600,20200126060400 ,0126,0604,240,https://radiko.jp/res/program/DEFAULT_IMAGE/LFR/xn3c8mqtyc.png,xn3c8mqtyc.png,xn3c8mqtyc.png,,6
ニッポン放送,すくすく育て 子どもの未来健康プロジェクト,自見はなこ、淵澤由樹,20200126060400 ,0126,0604,20200126061300 ,0126,0613,540,https://radiko.jp/res/program/DEFAULT_IMAGE/LFR/eoeno3iwmw.png,eoeno3iwmw.png,eoeno3iwmw.png,,10
ニッポン放送,ひろたみゆ紀のサンデー早起き有楽町 Part4,ひろたみゆ紀,20200126061300 ,0126,0613,20200126062500 ,0126,0625,720,https://radiko.jp/res/program/DEFAULT_IMAGE/LFR/xn3c8mqtyc.png,xn3c8mqtyc.png,xn3c8mqtyc.png,,6
ニッポン放送,ウィークエンド・ケアタイム 「ひだまりハウス」 〜うつ病・認知症について語ろう〜,町亞聖,20200126062500 ,0126,0625,20200126065400 ,0126,0654,1740,https://radiko.jp/res/program/DEFAULT_IMAGE/LFR/chrlm57w6s.png,chrlm57w6s.png,chrlm57w6s.png,,3
ニッポン放送,ひろたみゆ紀のサンデー早起き有楽町 Part5,ひろたみゆ紀,20200126065400 ,0126,0654,20200126070000 ,0126,0700,360,https://radiko.jp/res/program/DEFAULT_IMAGE/LFR/xn3c8mqtyc.png,xn3c8mqtyc.png,xn3c8mqtyc.png,,6
ニッポン放送,イルカのミュージックハーモニー,イルカ,20200126070000 ,0126,0700,20200126083000 ,0126,0830,5400,https://radiko.jp/res/program/DEFAULT_IMAGE/LFR/giai99z9vm.png,giai99z9vm.png,giai99z9vm.png,,3
ニッポン放送,薬師丸ひろ子　ハート・デリバリー,薬師丸ひろ子,20200126083000 ,0126,0830,20200126090000 ,0126,0900,1800,https://radiko.jp/res/program/DEFAULT_IMAGE/LFR/fv7ceibt2n.png,fv7ceibt2n.png,fv7ceibt2n.png,,6
ニッポン放送,三宅裕司 サンデーヒットパラダイス,三宅裕司、江口ともみ,20200126090000 ,0126,0900,20200126120000 ,0126,1200,10800,https://radiko.jp/res/program/DEFAULT_IMAGE/LFR/buyijjxf6c.png,buyijjxf6c.png,buyijjxf6c.png,,10
ニッポン放送,土田晃之 日曜のへそ,土田晃之,20200126120000 ,0126,1200,20200126134000 ,0126,1340,6000,https://radiko.jp/res/program/DEFAULT_IMAGE/LFR/37bkohsfbh.png,37bkohsfbh.png,37bkohsfbh.png,,4
ニッポン放送,ENTERTAINMENT NEXT！,南美希子,20200126134000 ,0126,1340,20200126140000 ,0126,1400,1200,https://radiko.jp/res/program/DEFAULT_IMAGE/LFR/jtgwbec0os.png,jtgwbec0os.png,jtgwbec0os.png,,4
ニッポン放送,戸田恵子　オトナクオリティ,戸田恵子,20200126140000 ,0126,1400,20200126143000 ,0126,1430,1800,https://radiko.jp/res/program/DEFAULT_IMAGE/LFR/qcqai26l55.png,qcqai26l55.png,qcqai26l55.png,,4
ニッポン放送,日曜競馬ニッポン,清水久嗣・堀江ゆかり,20200126143000 ,0126,1430,20200126160000 ,0126,1600,5400,https://radiko.jp/res/program/DEFAULT_IMAGE/LFR/aarcllfjwj.png,aarcllfjwj.png,aarcllfjwj.png,,10
ニッポン放送,笑福亭鶴瓶　日曜日のそれ,笑福亭鶴瓶,20200126160000 ,0126,1600,20200126173000 ,0126,1730,5400,https://radiko.jp/res/program/DEFAULT_IMAGE/LFR/gaih1ddqw8.png,gaih1ddqw8.png,gaih1ddqw8.png,,5
ニッポン放送,サンドウィッチマンの東北魂,サンドウィッチマン,20200126173000 ,0126,1730,20200126174000 ,0126,1740,600,https://radiko.jp/res/program/DEFAULT_IMAGE/LFR/45sbw3qhpk.png,45sbw3qhpk.png,45sbw3qhpk.png,,9
ニッポン放送,板東英二のプロ野球バンバン伝説,板東英二,20200126174000 ,0126,1740,20200126180000 ,0126,1800,1200,https://radiko.jp/res/program/DEFAULT_IMAGE/LFR/qe0nrh187m.png,qe0nrh187m.png,qe0nrh187m.png,,4
ニッポン放送,渡部陽一 明日へ喝！,渡部陽一,20200126180000 ,0126,1800,20200126185000 ,0126,1850,3000,https://radiko.jp/res/program/DEFAULT_IMAGE/LFR/ptfcd0e04l.png,ptfcd0e04l.png,ptfcd0e04l.png,,4
ニッポン放送,有楽町930ステーション,くり万太郎,20200126185000 ,0126,1850,20200126190000 ,0126,1900,600,https://radiko.jp/res/program/DEFAULT_IMAGE/LFR/6n823lswon.png,6n823lswon.png,6n823lswon.png,,5
ニッポン放送,令和元年度文化庁芸術祭参加作品　文豪ROCK! 眠らせない読み聴かせ 宮沢賢治編,朗読：秀島史香,20200126190000 ,0126,1900,20200126200000 ,0126,2000,3600,https://radiko.jp/res/program/DEFAULT_IMAGE/LFR/n3chbl3rqc.png,n3chbl3rqc.png,n3chbl3rqc.png,,7
ニッポン放送,大石久和のラジオ国土学入門,大石久和、新保友映,20200126200000 ,0126,2000,20200126203000 ,0126,2030,1800,https://radiko.jp/res/program/DEFAULT_IMAGE/LFR/vcn0wc8d6e.png,vcn0wc8d6e.png,vcn0wc8d6e.png,,9
ニッポン放送,玉城ティナとある世界,玉城ティナ,20200126203000 ,0126,2030,20200126205000 ,0126,2050,1200,https://radiko.jp/res/program/DEFAULT_IMAGE/LFR/efdw0ebwjk.png,efdw0ebwjk.png,efdw0ebwjk.png,,5
ニッポン放送,刀剣乱舞2.5ラジオ,ミュージカル『刀剣乱舞』＆舞台『刀剣乱舞』刀剣男士キャスト,20200126205000 ,0126,2050,20200126211000 ,0126,2110,1200,https://radiko.jp/res/program/DEFAULT_IMAGE/LFR/561jnpvpbk.png,561jnpvpbk.png,561jnpvpbk.png,,29
ニッポン放送,MANKAI STAGE『A3!』ラジオ,,20200126211000 ,0126,2110,20200126213000 ,0126,2130,1200,https://radiko.jp/res/program/DEFAULT_IMAGE/LFR/omuqd7l9fc.png,omuqd7l9fc.png,omuqd7l9fc.png,,0
ニッポン放送,浦井健治のDressing Room,浦井健治,20200126213000 ,0126,2130,20200126220000 ,0126,2200,1800,https://radiko.jp/res/program/DEFAULT_IMAGE/LFR/v0qosvtaqp.png,v0qosvtaqp.png,v0qosvtaqp.png,,4
ニッポン放送,ももいろクローバーＺ　ももクロくらぶxoxo,ももいろクローバーZ,20200126220000 ,0126,2200,20200126223000 ,0126,2230,1800,https://radiko.jp/res/program/DEFAULT_IMAGE/LFR/atuwm84djs.png,atuwm84djs.png,atuwm84djs.png,,10
ニッポン放送,高橋みなみと朝井リョウ ヨブンのこと,高橋みなみ、朝井リョウ,20200126223000 ,0126,2230,20200126230000 ,0126,2300,1800,https://radiko.jp/res/program/DEFAULT_IMAGE/LFR/4117gt2pav.png,4117gt2pav.png,4117gt2pav.png,,11
ニッポン放送,#みちょパラ,池田美優,20200126230000 ,0126,2300,20200126233000 ,0126,2330,1800,https://radiko.jp/res/program/DEFAULT_IMAGE/LFR/yin41ek2he.png,yin41ek2he.png,yin41ek2he.png,,4
ニッポン放送,欅坂46 こちら有楽町星空放送局,メインパーソナリティー尾関梨香(欅坂46),20200126233000 ,0126,2330,20200127000000 ,0127,0000,1800,https://radiko.jp/res/program/DEFAULT_IMAGE/LFR/5dzq54c0kp.png,5dzq54c0kp.png,5dzq54c0kp.png,,21
ニッポン放送,AKB48 2029ラジオ〜10年後の君へ,メインパーソナリティ：向井地美音(AKB48グループ総監督)★スペシャルアドバイザー：カズレーザー(メイプル超合金),20200127000000 ,0127,0000,20200127003000 ,0127,0030,1800,https://radiko.jp/res/program/DEFAULT_IMAGE/LFR/zstu0mmb6h.png,zstu0mmb6h.png,zstu0mmb6h.png,,58
ニッポン放送,神田莉緒香のKANDAFUL RADIO,神田莉緒香,20200127003000 ,0127,0030,20200127005000 ,0127,0050,1200,https://radiko.jp/res/program/DEFAULT_IMAGE/LFR/cz1g9np6ms.png,cz1g9np6ms.png,cz1g9np6ms.png,,5
ニッポン放送,週刊 なるほど！ニッポン,立川晴の輔,20200127005000 ,0127,0050,20200127010000 ,0127,0100,600,https://radiko.jp/res/program/DEFAULT_IMAGE/LFR/mssr5q86gs.png,mssr5q86gs.png,mssr5q86gs.png,,5
ニッポン放送,max matsuura 仕事が遊びで遊びが仕事,max matsuura,20200127010000 ,0127,0100,20200127013000 ,0127,0130,1800,https://radiko.jp/res/program/DEFAULT_IMAGE/LFR/8q9stb8u3v.png,8q9stb8u3v.png,8q9stb8u3v.png,,12
,,,,,,,,,,,,,,
,,,,,,,,,,,,,,
,,,,,,,,,,,,,,
,,,,,,,,,,,,,,
,,,,,,,,,,,,,,
,,,,,,,,,,,,,,
,,,,,,,,,,,,,,
,,,,,,,,,,,,,,
,,,,,,,,,,,,,,
,,,,,,,,,,,,,,
,,,,,,,,,,,,,,
,,,,,,,,,,,,,,
,,,,,,,,,,,,,,
,,,,,,,,,,,,,,
,,,,,,,,,,,,,,
,,,,,,,,,,,,,,
,,,,,,,,,,,,,,
,,,,,,,,,,,,,,
,,,,,,,,,,,,,,
,,,,,,,,,,,,,,
,,,,,,,,,,,,,,
,,,,,,,,,,,,,,
,,,,,,,,,,,,,,
,,,,,,,,,,,,,,
,,,,,,,,,,,,,,
,,,,,,,,,,,,,,
,,,,,,,,,,,,,,
,,,,,,,,,,,,,,
,,,,,,,,,,,,,,
,,,,,,,,,,,,,,
,,,,,,,,,,,,,,
,,,,,,,,,,,,,,
,,,,,,,,,,,,,,
,,,,,,,,,,,,,,
,,,,,,,,,,,,,,
,,,,,,,,,,,,,,
,,,,,,,,,,,,,,
,,,,,,,,,,,,,,
,,,,,,,,,,,,,,
,,,,,,,,,,,,,,
,,,,,,,,,,,,,,
,,,,,,,,,,,,,,
,,,,,,,,,,,,,,
,,,,,,,,,,,,,,
,,,,,,,,,,,,,,
,,,,,,,,,,,,,,
,,,,,,,,,,,,,,
,,,,,,,,,,,,,,
,,,,,,,,,,,,,,
,,,,,,,,,,,,,,
,,,,,,,,,,,,,,
,,,,,,,,,,,,,,
,,,,,,,,,,,,,,
,,,,,,,,,,,,,,
,,,,,,,,,,,,,,
,,,,,,,,,,,,,,
,,,,,,,,,,,,,,
,,,,,,,,,,,,,,
,,,,,,,,,,,,,,
,,,,,,,,,,,,,,
,,,,,,,,,,,,,,
,,,,,,,,,,,,,,
,,,,,,,,,,,,,,
,,,,,,,,,,,,,,
,,,,,,,,,,,,,,
,,,,,,,,,,,,,,
,,,,,,,,,,,,,,
,,,,,,,,,,,,,,
,,,,,,,,,,,,,,
,,,,,,,,,,,,,,
,,,,,,,,,,,,,,
,,,,,,,,,,,,,,
,,,,,,,,,,,,,,
,,,,,,,,,,,,,,
,,,,,,,,,,,,,,
,,,,,,,,,,,,,,
,,,,,,,,,,,,,,
,,,,,,,,,,,,,,
,,,,,,,,,,,,,,
,,,,,,,,,,,,,,
,,,,,,,,,,,,,,
,,,,,,,,,,,,,,
,,,,,,,,,,,,,,
,,,,,,,,,,,,,,
,,,,,,,,,,,,,,
,,,,,,,,,,,,,,
,,,,,,,,,,,,,,
,,,,,,,,,,,,,,
,,,,,,,,,,,,,,
,,,,,,,,,,,,,,
,,,,,,,,,,,,,,
,,,,,,,,,,,,,,
,,,,,,,,,,,,,,
,,,,,,,,,,,,,,
,,,,,,,,,,,,,,
,,,,,,,,,,,,,,
,,,,,,,,,,,,,,
,,,,,,,,,,,,,,
,,,,,,,,,,,,,,
,,,,,,,,,,,,,,
,,,,,,,,,,,,,,
,,,,,,,,,,,,,,
,,,,,,,,,,,,,,
,,,,,,,,,,,,,,
,,,,,,,,,,,,,,
,,,,,,,,,,,,,,
,,,,,,,,,,,,,,
,,,,,,,,,,,,,,
,,,,,,,,,,,,,,
,,,,,,,,,,,,,,
,,,,,,,,,,,,,,
,,,,,,,,,,,,,,
,,,,,,,,,,,,,,
,,,,,,,,,,,,,,
,,,,,,,,,,,,,,
,,,,,,,,,,,,,,
,,,,,,,,,,,,,,
,,,,,,,,,,,,,,
,,,,,,,,,,,,,,
,,,,,,,,,,,,,,
,,,,,,,,,,,,,,
,,,,,,,,,,,,,,
,,,,,,,,,,,,,,
,,,,,,,,,,,,,,
,,,,,,,,,,,,,,
,,,,,,,,,,,,,,
,,,,,,,,,,,,,,
,,,,,,,,,,,,,,
,,,,,,,,,,,,,,
,,,,,,,,,,,,,,
,,,,,,,,,,,,,,
,,,,,,,,,,,,,,
,,,,,,,,,,,,,,
,,,,,,,,,,,,,,
,,,,,,,,,,,,,,
,,,,,,,,,,,,,,
,,,,,,,,,,,,,,
,,,,,,,,,,,,,,
,,,,,,,,,,,,,,
,,,,,,,,,,,,,,
,,,,,,,,,,,,,,
,,,,,,,,,,,,,,
,,,,,,,,,,,,,,
,,,,,,,,,,,,,,
,,,,,,,,,,,,,,
,,,,,,,,,,,,,,
,,,,,,,,,,,,,,
,,,,,,,,,,,,,,
,,,,,,,,,,,,,,
,,,,,,,,,,,,,,
,,,,,,,,,,,,,,
,,,,,,,,,,,,,,
,,,,,,,,,,,,,,
,,,,,,,,,,,,,,
,,,,,,,,,,,,,,
,,,,,,,,,,,,,,
,,,,,,,,,,,,,,
,,,,,,,,,,,,,,
,,,,,,,,,,,,,,
,,,,,,,,,,,,,,
,,,,,,,,,,,,,,
,,,,,,,,,,,,,,
,,,,,,,,,,,,,,
,,,,,,,,,,,,,,
,,,,,,,,,,,,,,
,,,,,,,,,,,,,,
,,,,,,,,,,,,,,
,,,,,,,,,,,,,,
,,,,,,,,,,,,,,
,,,,,,,,,,,,,,
,,,,,,,,,,,,,,
,,,,,,,,,,,,,,
,,,,,,,,,,,,,,
,,,,,,,,,,,,,,
,,,,,,,,,,,,,,
,,,,,,,,,,,,,,
,,,,,,,,,,,,,,
,,,,,,,,,,,,,,
,,,,,,,,,,,,,,
,,,,,,,,,,,,,,
,,,,,,,,,,,,,,
,,,,,,,,,,,,,,
,,,,,,,,,,,,,,
,,,,,,,,,,,,,,
,,,,,,,,,,,,,,
,,,,,,,,,,,,,,
,,,,,,,,,,,,,,
,,,,,,,,,,,,,,
,,,,,,,,,,,,,,
,,,,,,,,,,,,,,
,,,,,,,,,,,,,,
,,,,,,,,,,,,,,
,,,,,,,,,,,,,,
,,,,,,,,,,,,,,
,,,,,,,,,,,,,,
,,,,,,,,,,,,,,
,,,,,,,,,,,,,,
,,,,,,,,,,,,,,
,,,,,,,,,,,,,,
,,,,,,,,,,,,,,
,,,,,,,,,,,,,,
,,,,,,,,,,,,,,
,,,,,,,,,,,,,,
,,,,,,,,,,,,,,
,,,,,,,,,,,,,,
,,,,,,,,,,,,,,
,,,,,,,,,,,,,,
,,,,,,,,,,,,,,
,,,,,,,,,,,,,,
,,,,,,,,,,,,,,
,,,,,,,,,,,,,,
,,,,,,,,,,,,,,
,,,,,,,,,,,,,,
,,,,,,,,,,,,,,
,,,,,,,,,,,,,,
,,,,,,,,,,,,,,
,,,,,,,,,,,,,,
,,,,,,,,,,,,,,
,,,,,,,,,,,,,,
,,,,,,,,,,,,,,
,,,,,,,,,,,,,,
,,,,,,,,,,,,,,
,,,,,,,,,,,,,,
,,,,,,,,,,,,,,
,,,,,,,,,,,,,,
,,,,,,,,,,,,,,
,,,,,,,,,,,,,,
,,,,,,,,,,,,,,
,,,,,,,,,,,,,,
,,,,,,,,,,,,,,
,,,,,,,,,,,,,,
,,,,,,,,,,,,,,
,,,,,,,,,,,,,,
,,,,,,,,,,,,,,
,,,,,,,,,,,,,,
,,,,,,,,,,,,,,
,,,,,,,,,,,,,,
,,,,,,,,,,,,,,
,,,,,,,,,,,,,,
,,,,,,,,,,,,,,
,,,,,,,,,,,,,,
,,,,,,,,,,,,,,
,,,,,,,,,,,,,,
,,,,,,,,,,,,,,
,,,,,,,,,,,,,,
,,,,,,,,,,,,,,
